{
	"credit": "Created by Stridey",
	"parent": "block/firefly_bush",
	"textures": {
		"particle": "#cross",
		"cross": "block/firefly_bush",
		"cross_emissive": "block/firefly_bush_emissive"
	},
	"elements": [
		{
			"from": [-1.2, 0, 8],
			"to": [13.2, 16, 8],
			"shade": false,
			"rotation": {"angle": 45, "axis": "y", "origin": [6, 8, 8], "rescale": true},
			"faces": {
				"north": {"uv": [0, 0, 16, 16], "texture": "#cross"},
				"south": {"uv": [0, 0, 16, 16], "texture": "#cross"}
			}
		},
		{
			"from": [6, 0, 0.8],
			"to": [6, 16, 15.2],
			"shade": false,
			"rotation": {"angle": 45, "axis": "y", "origin": [6, 8, 8], "rescale": true},
			"faces": {
				"east": {"uv": [0, 0, 16, 16], "texture": "#cross"},
				"west": {"uv": [0, 0, 16, 16], "texture": "#cross"}
			}
		},
		{
			"from": [-1.2, 0, 8],
			"to": [13.2, 16, 8],
			"shade": false,
			"light_emission": 15,
			"rotation": {"angle": 45, "axis": "y", "origin": [6, 8, 8], "rescale": true},
			"faces": {
				"north": {"uv": [0, 0, 16, 16], "texture": "#cross_emissive"},
				"south": {"uv": [0, 0, 16, 16], "texture": "#cross_emissive"}
			}
		},
		{
			"from": [6, 0, 0.8],
			"to": [6, 16, 15.2],
			"shade": false,
			"light_emission": 15,
			"rotation": {"angle": 45, "axis": "y", "origin": [6, 8, 8], "rescale": true},
			"faces": {
				"east": {"uv": [0, 0, 16, 16], "texture": "#cross_emissive"},
				"west": {"uv": [0, 0, 16, 16], "texture": "#cross_emissive"}
			}
		}
	]
}